m,mm,saar1,saar3,yoy
2014-01,0.59,-1.2527489076833875,,
2014-02,0.7,6.062189767122428,,
2014-03,1.02,12.370512498175179,5.72665111920474,
2014-04,0.9,12.170365518916281,10.201022594737962,
2014-05,0.9,12.281517904724915,12.274131973938792,
2014-06,0.62,9.554522565572476,11.335468663071223,
2014-07,0.49,7.741843052115338,9.859294507470908,
2014-08,0.24,9.990213078438615,9.095526232042142,
2014-09,0.65,12.303760494020644,10.011938874858197,
2014-10,0.82,11.395118616371436,11.229697396276897,
2014-11,1.28,15.800608683458472,13.166495931283515,
2014-12,2.62,30.553915728444192,19.249881009424698,11.362345103317217
2015-01,3.85,45.17218075091098,30.50890172093788,14.971463753648418
2015-02,2.22,26.99836140752321,34.24148596229279,16.70688207445823
2015-03,1.21,14.934202920715766,29.034915026383317,16.92638620823519
2015-04,0.46,6.442770015358534,16.125111447865834,16.41649909295646
2015-05,0.35,5.158069442911639,8.845014126328644,15.781919563708469
2015-06,0.19,4.07415429197906,5.224997916749742,15.287125035658434
2015-07,0.8,11.793201442135093,7.008475059008595,15.642772450934128
2015-08,0.35,11.439285783806618,9.102213839306922,15.769674934669208
2015-09,0.57,11.240659863572233,11.49104902983798,15.677657309286431
2015-10,0.74,10.339908446444168,11.006618031274337,15.585867856948198
2015-11,0.75,8.731066191550552,10.103878167188983,14.981005001851644
2015-12,0.77,4.865232758841209,7.978735798945308,12.908164822028724
2016-01,0.96,3.2267603632500252,5.607686437880592,9.766088786057004
2016-02,0.63,5.179015005378851,4.423669375823359,8.058711744677339
2016-03,0.46,5.116189788173298,4.5073217189340555,7.257960496692872
2016-04,0.44,6.188911030300748,5.49470527461763,7.236607130079964
2016-05,0.41,5.914523503598601,5.739874774024213,7.300724682923043
2016-06,0.36,6.210044728971109,6.104493087623484,7.48278999079901
2016-07,0.54,8.386048222254484,6.836872151608063,7.205552635664025
2016-08,0.01,7.015988024972208,7.2040269920659314,6.842325053241249
2016-09,0.17,6.062189767122428,7.154742004783038,6.417377951508185
2016-10,0.43,6.336927908016321,6.471701900036983,6.089907362219216
2016-11,0.44,4.781702541316757,5.726940072151833,5.7634768780277845
2016-12,0.4,0.3204697507688925,3.8130334000339885,5.3751421906717445
2017-01,0.62,-0.8962967656067078,1.4019585088263113,5.020273447161117
2017-02,0.22,0.140089868277804,-0.14524571552000612,4.592386016838823
2017-03,0.13,1.0449716824834754,0.09625492838485483,4.248811585368006
2017-04,0.33,4.802579375811344,1.995880308857539,4.134640246515087
2017-05,0.37,5.4096687323618164,3.752406596885543,4.093156473884263
2017-06,0.61,9.424124246824416,6.545457451665857,4.352455887181028
2017-07,0.07,2.4674731297088304,5.767088702965019,3.8646335849433777
2017-08,-0.54,0.20018343522336668,4.030593603918869,3.2934352200626904
2017-09,-0.15,2.0795615606667095,1.5824060418662997,2.9634571900095885
2017-10,0.2,3.453486936028982,1.9110773106396837,2.727655187085176
2017-11,0.22,2.059182500555745,2.5307436657504767,2.5026443931668085
2017-12,0.42,0.5614395715345166,2.024703002706412,2.523063246631585
2018-01,0.31,-4.523416156970949,-0.6342646949602315,2.2072001020633225
2018-02,0.21,0.020001833435312477,-1.3139915840003757,2.1970018182774886
2018-03,0.29,3.0004893556179413,-0.5009749893059009,2.3603047274048494
2018-04,0.38,5.43066022768024,2.8170504722444956,2.411316540784414
2018-05,0.38,5.535675195010192,4.655608259436122,2.4215199199355997
2018-06,0.49,7.8704026017796025,6.278912674823342,2.2993592759599446
2018-07,0.27,4.94882401212684,6.11830060297221,2.503814875592103
2018-08,0.01,7.015988024972208,6.611738212959548,3.070646749527106
2018-09,0.16,5.935607139444565,5.966806392181202,3.3906457529557787
2018-10,0.35,5.325741057053968,6.092445407156911,3.5454221687536425
2018-11,0.5,5.535675195010192,5.599007797169572,3.8347129111927725
2018-12,0.84,5.745992837878511,5.535803029980888,4.268994721815145
2019-01,1.01,3.8461810274756036,5.042616353454767,4.99662204018092
2019-02,0.44,2.815696799703815,4.135956888352641,5.237608199937882
2019-03,0.32,3.3709881469623726,3.3442886580472617,5.269088190425442
2019-04,0.29,4.3025862359693745,3.496423727545185,5.174704668437591
2019-05,0.34,5.032476341715508,4.2353502415490825,5.132794046931921
2019-06,0.04,2.222319458996891,3.8524606788939226,4.662003348144794
2019-07,0.2,4.07415429197906,3.7763166975638174,4.588937224335421
2019-08,-0.24,3.8668869380364512,3.387786896337465,4.327491025894403
2019-09,-0.16,1.9573431297774002,3.299461453264301,3.994176358080037
2019-10,0.13,2.5902519609307673,2.8048273429148707,3.766187132382215
2019-11,0.28,2.7951830643242026,2.447592718344121,3.539037270002887
2019-12,0.36,-0.1598827187991536,1.741850768818603,3.0461898097727813
2020-01,0.4,-3.4831245610750794,-0.2826080718500125,2.4238932472150143
2020-02,0.33,1.4698095641121123,-0.724399238587376,2.3117205246224737
2020-03,0.55,6.252323693328843,1.4130028987886227,2.5462868695254492
2020-04,0.83,11.240659863572233,6.320931040337727,3.098435587339199
2020-05,0.27,4.157167338991297,7.216716965297455,3.0265112252591653
2020-06,0.22,4.448191218841235,6.615339473801586,3.211884796036335
2020-07,0.35,5.956694622445657,4.854017726759394,3.3663936056112176
2020-08,-0.04,6.379253168582166,5.594713003289684,3.5736237451573283
2020-09,-0.07,3.062154497961922,5.13270076299658,3.6669893915622476
2020-10,0.43,6.336927908016321,5.2594451915201335,3.97758658338756
2020-11,0.71,8.21391583647113,5.8709994141497885,4.423441811058626
2020-12,0.83,5.619756195929315,6.723533313472253,4.912471480759684
2021-01,0.67,-0.2995878435566812,4.511361396281252,5.194606613227859
2021-02,0.78,7.07985327575138,4.1333405427080026,5.6664253411850884
2021-03,0.66,7.656214729112665,4.8121600537691185,5.78202262400489
2021-04,0.58,7.977642958467546,7.571236987777194,5.519744476072752
2021-05,0.74,10.164933571080791,8.599597086220331,6.01435183524055
2021-06,0.69,10.471306744129683,9.537961091226004,6.511525506788796
2021-07,0.31,5.451655554866375,8.695965290025613,6.469069492635571
2021-08,0.17,9.077090643582398,8.333350980859484,6.692744008376406
2021-09,0.6,11.638236757746888,8.722327652065218,7.408086132719549
2021-10,1.11,15.298278494289374,12.004535298539551,8.135333952795776
2021-11,0.96,11.483469003274415,12.80666141843689,8.403766417180613
2021-12,0.82,5.4936577073864346,10.758468401650072,8.39301527501879
2022-01,0.99,3.5980050588140022,6.8583772564916154,8.73756444446363
2022-02,1.17,12.170365518916281,7.087342761705571,9.158358750212203
2022-03,7.61,139.95650525371528,51.908291943815186,16.695122045602375
2022-04,1.56,21.29300631112978,57.806625694587105,17.832139540180748
2022-05,0.12,2.303977545054381,54.51782970329981,17.1069467020339
2022-06,-0.35,-2.4520039598322607,7.048326632117299,15.897380463379452
2022-07,-0.39,-3.036890517072932,-1.061638977283604,15.08860600096924
2022-08,-0.52,0.4408884187470541,-1.682668686052713,14.295842317823926
2022-09,0.05,4.552308828065987,0.6521022432467031,13.67096445226923
2022-10,0.18,3.20617145915727,2.7331229019901038,12.62542991621336
2022-11,0.37,3.9083101131259124,3.888930133449723,11.96725832696448
2022-12,0.78,4.990642539848489,4.035041370710557,11.922835689262868
2023-01,0.84,1.7539437890735199,3.5509654806826405,11.756597196804286
2023-02,0.46,3.062154497961922,3.2689136089613107,10.972301615013858
2023-03,0.37,3.991201896786656,2.935766727940699,3.506085987351959
2023-04,0.38,5.43066022768024,4.161338874142939,2.3034749055768966
2023-05,0.31,4.656521568456595,4.692794564307831,2.497618535541535
2023-06,0.37,6.336927908016321,5.474703234717719,3.2381934010266678
2023-07,0.63,9.554522565572476,6.8493240140151315,4.2953458683396395
2023-08,0.28,10.515138041180805,8.802196171589868,5.134070000774993
2023-09,0.87,15.275492836203375,11.781717814318887,5.995738540511475
2023-10,0.83,11.527668280077608,12.439433052487262,6.683472919143285
2023-11,1.11,13.488414009111672,13.430525041797551,7.470020393091303
2023-12,0.73,4.36496557284225,9.793682620677176,7.416701272038995
2024-01,0.86,1.9980676946146803,6.617149092189535,7.438005655472524
2024-02,0.68,5.809163009371754,4.057398758942894,7.67328697385008
2024-03,0.39,4.2402410781356314,4.015823927374022,7.694742246735142
2024-04,0.5,6.952157692606176,5.667187260037854,7.82348670847659
2024-05,0.74,10.164933571080791,7.119110780607532,8.285694856065518
2024-06,0.64,9.815746632266166,8.977612631984377,8.576988445894518
2024-07,1.14,16.39685772786512,12.125845977070691,9.12726434878044
2024-08,0.2,9.46757453632432,11.893392965485203,9.040206299838417
2024-09,0.48,10.055703474056976,11.973378579415472,8.61861731939888
2024-10,0.75,10.471306744129683,9.998194918170325,8.532437716249541
2024-11,1.43,17.876557104592926,12.801189107593196,8.875928766286112
2024-12,1.32,11.970545369446839,13.439469739389816,9.513641443463762
2025-01,1.23,6.612318270309725,12.153140248116495,9.91538690582825
2025-02,0.81,7.463779040077068,8.68221422661121,10.0573118193936
2025-03,0.65,7.527889206397798,7.201328838928197,10.342349184400511
2025-04,0.4,5.682857239131978,6.891508495202281,10.232555802127475
2025-05,0.43,6.167781186449828,6.459509210659867,9.893345038789603
2025-06,0.2,4.1986966195264985,5.349778348369434,9.412889237745613
2025-07,0.57,8.774264151366417,6.380247319114248,8.796265282183867
2025-08,-0.4,1.896284228803502,4.956414999898806,8.144790639775534
2025-09,0.34,8.23541867194697,6.301989017372296,7.994111194218578
2025-10,0.5,7.229008085623589,5.786903662124687,7.726135732198136
2025-11,0.42,4.531477698255237,6.665301485275266,6.653441291800655
2025-12,0.32,-0.6381260001466438,3.7074532612440607,5.600801721214355
2026-01,1.62,11.682492277011992,5.191947991706861,6.007640728141883
2026-02,0.73,6.442770015358534,5.829045430741293,5.9235160256496
2026-03,0.6,6.888362261296899,8.337874851222475,5.870896295880268
2026-04,0.14,2.447023091481837,5.259385122712422,5.596728636149884
2026-05,0.17,2.9183217766152403,4.084569043131324,5.323352658400227
2026-06,0.87,12.861139614710071,6.075494827602381,6.027610605317668
2026-07,0.62,9.424124246824416,8.401195212716575,6.080323944586508
