month,fiz,nfo_du,nfo_own,szko,other_banks,nonres,src
2020-01,,,,,,8.4,https://www.cbr.ru/Collection/Collection/File/27273/ORFR_2020-1_january.pdf
2020-02,,,,,,-67.0,https://www.cbr.ru/Collection/Collection/File/27646/ORFR_2020-2_february.pdf
2020-03,,,26.8,65.6,2.9,-95.3,https://www.cbr.ru/Collection/Collection/File/27808/ORFR_2020-3_march.pdf
2020-04,,,-31.7,35.7,8.0,-12.0,https://www.cbr.ru/Collection/Collection/File/27872/ORFR_2020-4_april.pdf
2020-05,,,,24.4,,-36.9,https://www.cbr.ru/Collection/Collection/File/28011/ORFR_2020-5_may-june.pdf
2020-06,,,,52.6,,-66.7,https://www.cbr.ru/Collection/Collection/File/28011/ORFR_2020-5_may-june.pdf
2020-07,,,-13.3,9.0,2.7,1.6,https://www.cbr.ru/Collection/Collection/File/29135/ORFR_2020-6_july.pdf
2020-08,,,-1.5,30.1,5.7,-34.2,https://www.cbr.ru/Collection/Collection/File/29207/ORFR_2020-7_august.pdf
2020-09,,,22.1,52.6,9.1,-83.8,https://www.cbr.ru/Collection/Collection/File/29346/ORFR_2020-8_september.pdf
2020-10,,,-22.3,69.7,18.0,-65.4,https://www.cbr.ru/Collection/Collection/File/29426/ORFR_2020-9_october.pdf
2020-11,,,,,,,https://www.cbr.ru/Collection/Collection/File/31917/ORFR_2020-10.pdf
2020-12,,,,,,,https://www.cbr.ru/Collection/Collection/File/31917/ORFR_2020-10.pdf
2021-01,,,-25.1,1.7,9.2,14.1,https://www.cbr.ru/Collection/Collection/File/31992/ORFR_2021-01.pdf
2021-02,,,-0.4,33.6,5.0,-38.2,https://www.cbr.ru/Collection/Collection/File/32076/ORFR_2021-02.pdf
2021-03,,,16.6,12.1,4.9,-33.6,https://www.cbr.ru/Collection/Collection/File/32191/ORFR_2021-03.pdf
2021-04,80.0,,0.8,57.2,13.7,-71.9,https://www.cbr.ru/Collection/Collection/File/32279/ORFR_2021-04.pdf
2021-05,,,,,,-28.0,https://www.cbr.ru/Collection/Collection/File/35473/ORFR_2021-05.pdf
2021-06,,,,,,-41.6,https://www.cbr.ru/Collection/Collection/File/35536/ORFR_2021-06.pdf
2021-07,,,15.4,1.4,-1.4,-15.4,https://www.cbr.ru/Collection/Collection/File/35536/ORFR_2021-06.pdf
2021-08,,,-22.5,22.7,13.3,-13.7,https://www.cbr.ru/Collection/Collection/File/36624/ORFR_2021-07.pdf
2021-09,40.2,,-18.7,19.5,19.6,-20.7,https://www.cbr.ru/Collection/Collection/File/38960/ORFR_2021-08.pdf
2021-10,82.1,12.6,-13.3,,,-78.6,https://www.cbr.ru/Collection/Collection/File/39310/ORFR_2021-09.pdf
2021-11,89.8,45.5,,,,-123.8,https://www.cbr.ru/Collection/Collection/File/39698/ORFR_2021-10.pdf
2021-12,48.9,48.3,,,,-114.3,https://www.cbr.ru/Collection/Collection/File/39698/ORFR_2021-10.pdf
2022-01,98.1,44.8,-38.2,1.5,1.9,-111.1,https://www.cbr.ru/Collection/Collection/File/39795/ORFR_2022-01.pdf
2022-02,140.2,-5.8,21.2,1.9,-0.4,-176.5,https://www.cbr.ru/Collection/Collection/File/43769/ORFR_2023-01.pdf
2022-03,-14.0,5.8,-30.1,47.9,-2.3,-10.8,https://www.cbr.ru/Collection/Collection/File/40925/ORFR_2022-02-03.pdf
2022-04,0.8,23.2,-13.9,-9.3,-2.3,1.5,https://www.cbr.ru/Collection/Collection/File/42153/ORFR_2022-04-06.pdf
2022-05,3.5,10.8,-11.6,0.8,1.5,-0.4,https://www.cbr.ru/Collection/Collection/File/42153/ORFR_2022-04-06.pdf
2022-06,13.9,9.3,3.1,0.4,2.7,-4.2,https://www.cbr.ru/Collection/Collection/File/42153/ORFR_2022-04-06.pdf
2022-07,-15.6,16.2,1.9,0.4,0.8,-1.2,https://www.cbr.ru/Collection/Collection/File/42228/ORFR_2022-07.pdf
2022-08,-7.9,15.3,-10.5,3.9,1.2,-1.2,https://www.cbr.ru/Collection/Collection/File/42303/ORFR_2022-08.pdf
2022-09,18.0,-13.8,-0.8,2.4,-0.8,-0.7,https://www.cbr.ru/Collection/Collection/File/42394/ORFR_2022-09.pdf
2022-10,-2.3,8.0,-2.3,0.8,0.4,-0.8,https://www.cbr.ru/Collection/Collection/File/43472/ORFR_2022-10.pdf
2022-11,-2.7,8.1,1.9,1.9,-0.4,-5.0,https://www.cbr.ru/Collection/Collection/File/43666/ORFR_2022-11.pdf
2022-12,8.9,-1.9,-2.3,1.2,-1.9,-2.3,https://www.cbr.ru/Collection/Collection/File/43666/ORFR_2022-11.pdf
2023-01,5.4,1.1,0.5,1.0,-4.4,-2.8,https://www.cbr.ru/Collection/Collection/File/43769/ORFR_2023-01.pdf
2023-02,3.9,-1.1,-2.2,0.4,0.5,-3.5,https://www.cbr.ru/Collection/Collection/File/43828/ORFR_2023-02.pdf
2023-03,17.4,0.5,-17.8,1.5,0.5,-1.5,https://www.cbr.ru/Collection/Collection/File/43891/ORFR_2023-03.pdf
2023-04,28.9,-12.2,-3.5,-12.1,1.6,-0.9,https://www.cbr.ru/Collection/Collection/File/43973/ORFR_2023-04.pdf
2023-05,14.9,-7.2,-0.8,-0.8,-2.7,-0.7,https://www.cbr.ru/Collection/Collection/File/45060/ORFR_2023-05.pdf
2023-06,13.1,-2.6,1.4,0.5,-3.5,-3.3,https://www.cbr.ru/Collection/Collection/File/45128/ORFR_2023-06.pdf
2023-07,2.9,-1.1,9.3,1.3,-1.6,-10.4,https://www.cbr.ru/Collection/Collection/File/45205/ORFR_2023-07.pdf
2023-08,39.2,-27.7,-1.3,-9.2,-1.6,0.2,https://www.cbr.ru/Collection/Collection/File/46320/ORFR_2023-08.pdf
2023-09,29.4,-17.9,8.1,8.8,1.3,-32.0,https://www.cbr.ru/Collection/Collection/File/46388/ORFR_2023-09.pdf
2023-10,4.9,-10.1,6.8,4.3,4.0,-10.9,https://www.cbr.ru/Collection/Collection/File/46563/ORFR_2023-10.pdf
2023-11,12.6,-14.7,14.1,6.4,0.3,-22.2,https://www.cbr.ru/Collection/Collection/File/46675/ORFR_2023-11.pdf
2023-12,0.5,7.6,14.4,-14.0,3.7,-22.2,https://www.cbr.ru/Collection/Collection/File/47748/ORFR_2023-12.pdf
2024-01,10.4,-6.7,-6.2,12.2,5.0,,https://www.cbr.ru/Collection/Collection/File/48852/ORFR_2024-01.pdf
2024-02,2.2,-12.9,-5.7,7.6,11.7,,https://www.cbr.ru/Collection/Collection/File/48958/ORFR_2024-02.pdf
2024-03,-37.0,,18.6,10.4,10.9,,https://www.cbr.ru/Collection/Collection/File/49067/ORFR_2024-03.pdf
2024-04,-2.8,14.9,-25.4,17.7,8.9,-9.0,https://www.cbr.ru/Collection/Collection/File/49146/ORFR_2024-04.pdf
2024-05,11.7,10.9,-44.4,24.4,-2.4,-3.0,https://www.cbr.ru/Collection/Collection/File/49231/ORFR_2024-05.pdf
2024-06,4.2,24.3,9.8,12.5,-41.4,-10.7,https://www.cbr.ru/Collection/Collection/File/49290/ORFR_2024-06.pdf
2024-07,14.2,,,20.2,8.8,,https://www.cbr.ru/Collection/Collection/File/50536/ORFR_2024-07.pdf
2024-08,-17.9,,7.0,4.4,17.5,,https://www.cbr.ru/Collection/Collection/File/50609/ORFR_2024-08.pdf
2024-09,-10.7,12.6,12.5,3.7,-13.2,-6.6,https://www.cbr.ru/Collection/Collection/File/50713/ORFR_2024-09.pdf
2024-10,-27.4,,43.4,-7.7,5.9,-9.5,https://www.cbr.ru/Collection/Collection/File/52809/ORFR_2024-10.pdf
2024-11,-6.8,,5.4,,5.4,-4.7,https://www.cbr.ru/Collection/Collection/File/54899/ORFR_2024-11.pdf
2024-12,-54.5,,,,,,https://smart-lab.ru/blog/1113856.php
2025-01,-1.6,,,,-5.5,,https://www.cbr.ru/Collection/Collection/File/55089/ORFR_2024-25-1.pdf
2025-02,-0.4,13.4,-8.2,18.4,-20.8,-6.2,https://www.cbr.ru/Collection/Collection/File/55185/ORFR_2025-2.pdf
2025-03,36.2,6.2,-27.5,8.7,-30.8,13.4,https://www.cbr.ru/Collection/Collection/File/55531/ORFR_2025-3.pdf
2025-04,22.7,,-24.8,16.3,-24.9,11.1,https://www.cbr.ru/Collection/Collection/File/55867/ORFR_2025-4.pdf
2025-05,26.1,,-15.9,3.3,-8.6,-1.5,https://www.cbr.ru/Collection/Collection/File/55957/ORFR_2025-5.pdf
2025-06,7.8,-17.9,13.2,-7.1,4.9,-1.9,https://www.cbr.ru/Collection/Collection/File/57015/ORFR_2025-6.pdf
2025-07,15.2,-18.0,-17.0,23.5,5.2,-8.5,https://www.cbr.ru/Collection/Collection/File/57148/ORFR_2025-7.pdf
2025-08,5.7,2.4,-9.8,-4.4,4.6,0.6,https://www.cbr.ru/Collection/Collection/File/57230/ORFR_2025-8.pdf
2025-09,43.1,-29.8,-17.6,18.9,-7.5,-4.1,https://www.cbr.ru/Collection/Collection/File/58317/ORFR_2025-9.pdf
2025-10,13.3,-9.6,4.5,-2.9,-1.8,-1.5,https://www.cbr.ru/Collection/Collection/File/59388/ORFR_2025-10.pdf
2025-11,-22.3,19.8,16.0,,,-3.0,https://www.cbr.ru/Collection/Collection/File/59479/ORFR_2025-11.pdf
2025-12,0.4,50.6,-34.3,,,-12.9,https://smart-lab.ru/blog/1268394.php
2026-01,2.44,-10.42,12.38,-12.9,1.87,5.34,https://www.cbr.ru/Collection/Collection/File/59827/ORFR_2026-3.xlsx
2026-02,15.7,-16.75,-11.66,7.85,0.43,2.94,https://www.cbr.ru/Collection/Collection/File/59827/ORFR_2026-3.xlsx
2026-03,25.62,-15.53,-24.15,14.38,-1.9,-2.4,https://www.cbr.ru/Collection/Collection/File/59827/ORFR_2026-3.xlsx
2026-04,43.71,-19.97,-7.85,-12.48,3.73,-7.65,https://www.cbr.ru/Collection/Collection/File/62118/ORFR_2026-6.xlsx
2026-05,19.9,-10.25,-4.49,-4.57,0.36,-4.15,https://www.cbr.ru/Collection/Collection/File/62118/ORFR_2026-6.xlsx
2026-06,27.85,-22.78,4.19,-7.2,3.51,-12.07,https://www.cbr.ru/Collection/Collection/File/62118/ORFR_2026-6.xlsx
2026-07,24.43,-37.85,12.86,-22.68,-0.36,15.29,https://www.cbr.ru/Collection/Collection/File/62248/ORFR_2026-7.xlsx
