month,usd,m_end,rub,rub_gap
2015-01,46.14,2015-01-31,2919.8122954736846,
2015-02,57.31,2015-02-28,3732.064300684211,
2015-03,54.19,2015-03-31,3271.9491060476194,
2015-04,58.6,2015-04-30,3124.5037881818184,
2015-05,63.07,2015-05-31,3175.540512277778,
2015-06,60.67,2015-06-30,3292.442160142857,
2015-07,55.6,2015-07-31,3178.684151304348,
2015-08,45.29,2015-08-31,2957.702701333333,
2015-09,46.58,2015-09-30,3111.535319181818,
2015-10,46.61,2015-10-31,2949.3723258181817,
2015-11,41.72,2015-11-30,2707.0059548,
2015-12,36.24,2015-12-31,2518.6376650909096,-0.20064988292109462
2016-01,28.53,2016-01-31,2206.0868465000003,-0.3111116667490936
2016-02,30.34,2016-02-29,2343.764277619048,-0.2346151438693122
2016-03,36.37,2016-03-31,2570.183918363636,-0.13350845968396163
2016-04,39.34,2016-04-30,2628.257442666667,-0.10456759938183022
2016-05,44.59,2016-05-31,2931.056999684211,0.004210694072495337
2016-06,46.23,2016-06-30,3010.9990854285716,0.029365026382945806
2016-07,43.31,2016-07-31,2779.805327714286,-0.04792945144331924
2016-08,43.69,2016-08-31,2841.7083446521738,-0.0246255166824481
2016-09,44.22,2016-09-30,2853.4181099999996,-0.01954596432466541
2016-10,47.74,2016-10-31,2990.1787593333333,0.02601380096536518
2016-11,43.53,2016-11-30,2795.297191142857,-0.039616931100487945
2016-12,51.9,2016-12-31,3224.7701700000002,0.098781945772064
2017-01,53.03,2017-01-31,3168.0851793809525,0.07751292910022323
2017-02,53.3,2017-02-28,3120.341058421053,0.07105970285387105
2017-03,49.61,2017-03-31,2876.7903175,-0.00452604737285674
2017-04,50.91,2017-04-30,2872.8294087,-0.0022685224813481664
2017-05,48.96,2017-05-31,2784.9170160000003,-0.027679160703227103
2017-06,45.41,2017-06-30,2628.9898937142852,-0.07559533181702688
2017-07,47.8,2017-07-31,2853.0415590476186,0.010987405443850141
2017-08,51.15,2017-08-31,3049.290125869565,0.07615915062206233
2017-09,54.63,2017-09-30,3157.637412857143,0.11039484965647783
2017-10,56.36,2017-10-31,3252.770262545455,0.13561696494668177
2017-11,62.15,2017-11-30,3662.0392940476186,0.2402169242111018
2017-12,63.77,2017-12-31,3738.608564666667,0.24341438437303742
2018-01,68.6,2018-01-31,3893.5655289999995,0.2603194310517372
2018-02,63.14,2018-02-28,3586.2822136842105,0.1610068722015125
2018-03,63.58,2018-03-31,3621.9594379047617,0.15665339243154167
2018-04,69.1,2018-04-30,4191.775295,0.281943895434243
2018-05,75.14,2018-05-31,4681.019479809524,0.369536983719998
2018-06,73.06,2018-06-30,4586.435086380952,0.3290346979075243
2018-07,72.84,2018-07-31,4579.662036000001,0.30508900398711436
2018-08,71.52,2018-08-31,4725.197974956521,0.313389732933387
2018-09,78.13,2018-09-30,5294.22123035,0.3980767796718044
2018-10,79.58,2018-10-31,5242.038746,0.3621252967669845
2018-11,64.42,2018-11-30,4274.635114285715,0.14136477594420274
2018-12,57.38,2018-12-31,3855.4053716190474,0.03108666933062017
2019-01,59.81,2019-01-31,4014.5345226,0.06213946014852777
2019-02,63.92,2019-02-28,4205.0695644,0.09659995681973732
2019-03,65.96,2019-03-31,4294.3574608,0.1022587411877781
2019-04,71.65,2019-04-30,4629.085036363637,0.15861687912277975
2019-05,71.28,2019-05-31,4620.276936,0.13753749184961342
2019-06,62.37,2019-06-30,4007.7908275263153,-0.018843858919664076
2019-07,63.4,2019-07-31,4007.2314565217393,-0.030690089973721867
2019-08,59.24,2019-08-31,3880.2181150909087,-0.0712431578744001
2019-09,61.13,2019-09-30,3979.0975387142857,-0.05426037766669496
2019-10,58.8,2019-10-31,3786.636913043478,-0.10911825883110056
2019-11,63.77,2019-11-30,4072.7545887,-0.040320923741098635
2019-12,65.47,2019-12-31,4128.979966619048,-0.030438664763364754
2020-01,62.07,2020-01-31,3836.31859275,-0.10339532059109069
2020-02,54.53,2020-02-29,3476.763059,-0.2007335911322756
2020-03,28.95,2020-03-31,2133.492307142857,-0.6743735018934891
2020-04,16.26,2020-04-30,1228.8619167272727,-1.1961211093892725
2020-05,30.38,2020-05-31,2210.7164637894734,-0.5832406718669934
2020-06,42.06,2020-06-30,2915.7266417999995,-0.2887085176409889
2020-07,44.15,2020-07-31,3146.440458181818,-0.19709169025453263
2020-08,44.74,2020-08-31,3301.7246504761906,-0.1333192168797811
2020-09,40.74,2020-09-30,3087.8325602727277,-0.17562436051766223
2020-10,40.26,2020-10-31,3124.9050720000005,-0.13943115469355266
2020-11,43.09,2020-11-30,3318.56277665,-0.06815242880409497
2020-12,49.54,2020-12-31,3682.7536096363638,0.03800350639168217
2021-01,54.56,2021-01-31,4042.3027317894744,0.1308309977040162
2021-02,61.09,2021-02-28,4545.604268800001,0.24418439648938262
2021-03,63.9,2021-03-31,4749.224015454545,0.2826964158220004
2021-04,62.6,2021-04-30,4773.52174090909,0.28611973942493946
2021-05,66.96,2021-05-31,4958.0073324,0.3201225267156964
2021-06,71.46,2021-06-30,5190.92066290909,0.3524282568683062
2021-07,72.77,2021-07-31,5379.455433909091,0.37255733027646826
2021-08,68.33,2021-08-31,5026.450772590908,0.2918804856867699
2021-09,72.5,2021-09-30,5286.994943181819,0.32800420041742706
2021-10,81.71,2021-10-31,5844.589844047618,0.40600563741510703
2021-11,79.98,2021-11-30,5794.7688502857145,0.3791879066291491
2021-12,72.88,2021-12-31,5375.642382181818,0.2910981575830619
2022-01,86.38,2022-01-31,6542.30397,0.45983477693570507
2022-02,93.72,2022-02-28,7181.788071333333,0.5164026362184863
2022-03,91.26,2022-03-31,8507.489913,0.6256678056341969
2022-04,71.01,2022-04-30,5568.815539285715,0.16293532514994197
2022-05,79.98,2022-05-31,5103.793066,0.050579104901545595
2022-06,90.22,2022-06-30,5160.428048285715,0.04252190673939305
2022-07,84.19,2022-07-31,4889.806515809524,-0.025925931213459163
2022-08,75.94,2022-08-31,4585.916557304347,-0.10069493980792056
2022-09,68.61,2022-09-30,4109.227543636363,-0.2188060725125721
2022-10,71.91,2022-10-31,4400.616002571429,-0.1606362933769425
2022-11,66.69,2022-11-30,4059.777885428571,-0.24721139797510092
2022-12,50.15,2022-12-31,3296.4949050000005,-0.45237909649907543
2023-01,49.02,2023-01-31,3412.9075551428573,-0.41260091248507064
2023-02,49.35,2023-02-28,3597.002800263158,-0.35236921514868114
2023-03,48.67,2023-03-31,3703.199199136364,-0.3147181762355549
2023-04,58.97,2023-04-30,4772.8442754,-0.06096729494583306
2023-05,53.5,2023-05-31,4243.904569047619,-0.17254334616212924
2023-06,55.45,2023-06-30,4618.4228426190475,-0.08323257459239432
2023-07,64.21,2023-07-31,5806.593161476189,0.1421686393994638
2023-08,73.73,2023-08-31,7019.216853086956,0.3154764999365674
2023-09,83.18,2023-09-30,8033.214257428573,0.4283073139484839
2023-10,81.69,2023-10-31,7935.76910890909,0.3995941773776806
2023-11,72.37,2023-11-30,6549.428419818182,0.2017003658176514
2023-12,63.55,2023-12-31,5773.305061428571,0.07247681912173105
2024-01,64.14,2024-01-31,5712.3273365714285,0.06831976458714271
2024-02,68.33,2024-02-29,6249.66576505,0.16552764651642424
2024-03,70.34,2024-03-31,6443.8575993,0.21249525026646154
2024-04,74.98,2024-04-30,6968.118622,0.27958503558725917
2024-05,67.37,2024-05-31,6110.831780666667,0.14037002708117685
2024-06,69.58,2024-06-30,6099.449084105263,0.13116499611827453
2024-07,74.01,2024-07-31,6466.900804826088,0.17745491517330014
2024-08,70.27,2024-08-31,6253.150347363636,0.13109696978363855
2024-09,63.57,2024-09-30,5800.030234142857,0.04311198981728271
2024-10,64.72,2024-10-31,6229.492753043477,0.10091977417641614
2024-11,63.48,2024-11-30,6362.016988571429,0.10507982813806635
2024-12,63.44,2024-12-31,6521.164274181818,0.10659895193366786
2025-01,67.66,2025-01-31,6799.4226868,0.12459690603457889
2025-02,61.69,2025-02-28,5724.02972155,-0.0622237360378743
2025-03,58.99,2025-03-31,5076.865639857143,-0.19155488833862144
2025-04,54.76,2025-04-30,4573.865340727272,-0.2945410249787999
2025-05,52.08,2025-05-31,4185.5008608,-0.3828769208349615
2025-06,59.84,2025-06-30,4704.6169104,-0.2665438883808187
2025-07,60.37,2025-07-31,4753.252160826087,-0.24908733441668787
2025-08,57.55,2025-08-31,4607.617702619047,-0.2635893345235578
2025-09,56.82,2025-09-30,4709.042471727273,-0.21844970035618652
2025-10,53.68,2025-10-31,4338.562069217392,-0.2744754662565524
2025-11,44.87,2025-11-30,3614.37923315,-0.4354437818044377
2025-12,39.18,2025-12-31,3071.7953465454543,-0.5777470795742388
2026-01,40.95,2026-01-31,3169.3855973684217,-0.5269255190744715
2026-02,44.59,2026-02-28,3425.826700947369,-0.4269580757352169
2026-03,77.0,2026-03-31,6177.83285,0.16478003301886024
2026-04,94.87,2026-04-30,7298.018348681819,0.3287951824354819
2026-05,86.52,2026-05-31,6315.1752636,0.18252831733031671
2026-06,63.52,2026-06-30,4664.884904380952,-0.10893858766019214
2026-07,59.02,2026-07-31,4597.251531826088,-0.10845382012274121
